Workbook

Sheet Visao Geral
B2: PAINEL DE SEGURANÇA PÚBLICA - ROUBO DE VEÍCULOS (RJ)
B3: Guia de Apoio para Prática de Power BI - Aulas 17 & 18
B4: Instrutor: Patrick Loureiro Monteiro de Araújo | Senac RJ
B5: Versão 1.0 | Gerado em 2026-08-12
B7: ESTRUTURA DO ARQUIVO (ABAS)
B8: Nome da Planilha | C8: Link de Acesso | D8: Descrição do Conteúdo | E8: Uso no Power BI
B9: Dados_Delegacias | C9: =HYPERLINK("#Dados_Delegacias!A1", "Acessar Aba Dados") | D9: Tabela com 42 delegacias de polícia (CISP) reais do RJ, incluindo a classificação estatística por quartis (flag). | E9: Importar como tabela de fatos/dimensão no Power BI.
B10: Metricas_Resumo | C10: =HYPERLINK("#Metricas_Resumo!A1", "Acessar Aba Resumo") | D10: Tabela consolidada com fórmulas Excel (SUMIFS, COUNTIFS) para demonstrar resumos regionais. | E10: Usar para validar os cálculos DAX no Power BI.
B13: COMO IMPORTAR NO POWER BI (PASSO A PASSO)
B14: Etapa | C14: Ação Recomendada | D14: O que observar na aula
B15: 1 | C15: Abrir o Power BI Desktop e clicar em 'Obter Dados' -> 'Pasta de Trabalho do Excel'. | D15: Explicar que o Excel é o formato corporativo mais comum de dados.
B16: 2 | C16: Selecionar este arquivo e marcar as caixas 'Dados_Delegacias' e 'Metricas_Resumo'. | D16: Mostrar que cada aba é lida pelo Power BI como uma tabela independente.
B17: 3 | C17: Deixar desmarcada a aba 'Visao Geral' (esta aba de instruções). | D17: Explicar que nem toda planilha de um arquivo Excel serve para o modelo de dados.
B18: 4 | C18: Clicar em 'Transformar Dados' para abrir o Power Query. | D18: Demonstrar a limpeza de tipos de dados (CISP como número, etc.).
B19: 5 | C19: Na aba de Relacionamentos, conectar o CISP com outras dimensões (se houver). | D19: Explicar relacionamentos um-para-muitos (1:N) e integridade referencial.
B20: 6 | C20: Criar medidas DAX com SUM e CALCULATE para validar contra a aba 'Metricas_Resumo'. | D20: Demonstrar que o DAX dinâmico substitui fórmulas estáticas do Excel de forma robusta.
B22: Nota Pedagógica: | C22: Este arquivo foi estruturado intencionalmente com múltiplas abas para demonstrar a capacidade de extração de tabelas distintas de uma mesma fonte de dados, evidenciando as limitações do formato CSV (que é limitado a apenas uma única planilha).

Sheet Dados_Delegacias
A1: BASE TRANSACIONAL - ROUBO DE VEÍCULOS POR DELEGACIA (RJ)
A3: CISP | B3: Nome da Delegacia | C3: Município | D3: Região | E3: Roubos de Veículos | F3: Flag (Criticidade)
A4: 1 | B4: 001 DP - Praça da República | C4: Rio de Janeiro | D4: Capital | E4: 232 | F4: medio
A5: 4 | B5: 004 DP - Praça da República | C5: Rio de Janeiro | D5: Capital | E5: 203 | F5: medio
A6: 5 | B6: 005 DP - Mem de Sá | C6: Rio de Janeiro | D6: Capital | E6: 239 | F6: medio
A7: 9 | B7: 009 DP - Catete | C7: Rio de Janeiro | D7: Capital | E7: 278 | F7: mais
A8: 12 | B8: 012 DP - Copacabana | C8: Rio de Janeiro | D8: Capital | E8: 199 | F8: medio
A9: 16 | B9: 016 DP - Barra da Tijuca | C9: Rio de Janeiro | D9: Capital | E9: 199 | F9: medio
A10: 19 | B10: 019 DP - Tijuca | C10: Rio de Janeiro | D10: Capital | E10: 281 | F10: mais
A11: 21 | B11: 021 DP - Bonsucesso | C11: Rio de Janeiro | D11: Capital | E11: 244 | F11: medio
A12: 22 | B12: 022 DP - Penha | C12: Rio de Janeiro | D12: Capital | E12: 188 | F12: medio
A13: 27 | B13: 027 DP - Vicente de Carvalho | C13: Rio de Janeiro | D13: Capital | E13: 234 | F13: medio
A14: 35 | B14: 035 DP - Campo Grande | C14: Rio de Janeiro | D14: Capital | E14: 189 | F14: medio
A15: 41 | B15: 041 DP - Madureira | C15: Rio de Janeiro | D15: Capital | E15: 189 | F15: medio
... A45: 134 | B45: 134 DP - Campos dos Goytacazes | C45: Campos dos Goytacazes | D45: Norte Fluminense | E45: 26 | F45: menos

Sheet Metricas_Resumo
A1: RESUMO ESTATÍSTICO POR REGIÃO DO ESTADO (CONSOLIDADO)
A3: Região | B3: Nº de Delegacias (CISP) | C3: Total de Roubos | D3: Participação (%) | E3: Média de Roubos/DP | F3: Máximo Ocorrências | G3: Mínimo Ocorrências
A4: Capital | B4: =COUNTIF(Dados_Delegacias!D$4:D$45, "Capital") | C4: =SUMIF(Dados_Delegacias!D$4:D$45, "Capital", Dados_Delegacias!E$4:E$45) | D4: =C4/C11 | E4: =AVERAGEIF(Dados_Delegacias!D$4:D$45, "Capital", Dados_Delegacias!E$4:E$45) | F4: =_xlfn.MAXIFS(Dados_Delegacias!E$4:E$45, Dados_Delegacias!D$4:D$45, "Capital") | G4: =_xlfn.MINIFS(Dados_Delegacias!E$4:E$45, Dados_Delegacias!D$4:D$45, "Capital")
A5: Baixada Fluminense | B5: =COUNTIF(Dados_Delegacias!D$4:D$45, "Baixada Fluminense") | C5: =SUMIF(Dados_Delegacias!D$4:D$45, "Baixada Fluminense", Dados_Delegacias!E$4:E$45) | D5: =C5/C11 | E5: =AVERAGEIF(Dados_Delegacias!D$4:D$45, "Baixada Fluminense", Dados_Delegacias!E$4:E$45) | F5: =_xlfn.MAXIFS(Dados_Delegacias!E$4:E$45, Dados_Delegacias!D$4:D$45, "Baixada Fluminense") | G5: =_xlfn.MINIFS(Dados_Delegacias!E$4:E$45, Dados_Delegacias!D$4:D$45, "Baixada Fluminense")
A6: Leste Fluminense | B6: =COUNTIF(Dados_Delegacias!D$4:D$45, "Leste Fluminense") | C6: =SUMIF(Dados_Delegacias!D$4:D$45, "Leste Fluminense", Dados_Delegacias!E$4:E$45) | D6: =C6/C11 | E6: =AVERAGEIF(Dados_Delegacias!D$4:D$45, "Leste Fluminense", Dados_Delegacias!E$4:E$45) | F6: =_xlfn.MAXIFS(Dados_Delegacias!E$4:E$45, Dados_Delegacias!D$4:D$45, "Leste Fluminense") | G6: =_xlfn.MINIFS(Dados_Delegacias!E$4:E$45, Dados_Delegacias!D$4:D$45, "Leste Fluminense")
A7: Sul Fluminense | B7: =COUNTIF(Dados_Delegacias!D$4:D$45, "Sul Fluminense") | C7: =SUMIF(Dados_Delegacias!D$4:D$45, "Sul Fluminense", Dados_Delegacias!E$4:E$45) | D7: =C7/C11 | E7: =AVERAGEIF(Dados_Delegacias!D$4:D$45, "Sul Fluminense", Dados_Delegacias!E$4:E$45) | F7: =_xlfn.MAXIFS(Dados_Delegacias!E$4:E$45, Dados_Delegacias!D$4:D$45, "Sul Fluminense") | G7: =_xlfn.MINIFS(Dados_Delegacias!E$4:E$45, Dados_Delegacias!D$4:D$45, "Sul Fluminense")
A8: Região Serrana | B8: =COUNTIF(Dados_Delegacias!D$4:D$45, "Região Serrana") | C8: =SUMIF(Dados_Delegacias!D$4:D$45, "Região Serrana", Dados_Delegacias!E$4:E$45) | D8: =C8/C11 | E8: =AVERAGEIF(Dados_Delegacias!D$4:D$45, "Região Serrana", Dados_Delegacias!E$4:E$45) | F8: =_xlfn.MAXIFS(Dados_Delegacias!E$4:E$45, Dados_Delegacias!D$4:D$45, "Região Serrana") | G8: =_xlfn.MINIFS(Dados_Delegacias!E$4:E$45, Dados_Delegacias!D$4:D$45, "Região Serrana")
A9: Baixada Litorânea | B9: =COUNTIF(Dados_Delegacias!D$4:D$45, "Baixada Litorânea") | C9: =SUMIF(Dados_Delegacias!D$4:D$45, "Baixada Litorânea", Dados_Delegacias!E$4:E$45) | D9: =C9/C11 | E9: =AVERAGEIF(Dados_Delegacias!D$4:D$45, "Baixada Litorânea", Dados_Delegacias!E$4:E$45) | F9: =_xlfn.MAXIFS(Dados_Delegacias!E$4:E$45, Dados_Delegacias!D$4:D$45, "Baixada Litorânea") | G9: =_xlfn.MINIFS(Dados_Delegacias!E$4:E$45, Dados_Delegacias!D$4:D$45, "Baixada Litorânea")
A10: Norte Fluminense | B10: =COUNTIF(Dados_Delegacias!D$4:D$45, "Norte Fluminense") | C10: =SUMIF(Dados_Delegacias!D$4:D$45, "Norte Fluminense", Dados_Delegacias!E$4:E$45) | D10: =C10/C11 | E10: =AVERAGEIF(Dados_Delegacias!D$4:D$45, "Norte Fluminense", Dados_Delegacias!E$4:E$45) | F10: =_xlfn.MAXIFS(Dados_Delegacias!E$4:E$45, Dados_Delegacias!D$4:D$45, "Norte Fluminense") | G10: =_xlfn.MINIFS(Dados_Delegacias!E$4:E$45, Dados_Delegacias!D$4:D$45, "Norte Fluminense")
A11: Total Geral | B11: =SUM(B4:B10) | C11: =SUM(C4:C10) | D11: =SUM(D4:D10) | E11: =AVERAGE(Dados_Delegacias!E$4:E$45) | F11: =MAX(Dados_Delegacias!E$4:E$45) | G11: =MIN(Dados_Delegacias!E$4:E$45)
